TaskID,TotalTrainingProblems,TotalTestingProblems,TotalMacros,TotalMetaActions,TotalValidMetaActions,TotalReplacementMacros,TimedOut
transport,16,173,0,4,0,0,False
miconic,16,173,0,6,0,0,False
ferry,16,173,0,6,0,0,False
spanner,16,163,0,8,0,0,False
blocksworld,16,173,0,4,0,0,False
zenotravel,16,4,0,4,0,0,False
childsnack,16,172,0,14,0,0,False
driverlog,16,4,0,6,0,0,False
sokoban,16,173,0,4,0,0,False
gripper,16,4,0,6,1,1,False
floortile,16,171,0,6,1,1,False
mystery,16,14,0,6,0,0,False
rovers,16,173,0,18,1,4,False
freecell,16,64,0,12,0,0,True
mprime,16,19,0,6,0,0,True
logistics98,16,19,0,2,0,0,True
satellite,16,173,0,6,1,7,True
depot,16,6,0,10,0,0,True
