TaskID,TotalTrainingProblems,TotalTestingProblems,TotalMacros,TotalMetaActions,TotalValidMetaActions,TotalReplacementMacros,TimedOut
blocksworld,16,173,0,17,0,0,False
spanner,16,163,0,35,0,0,False
miconic,16,173,0,8,2,4,False
sokoban,16,173,0,10,1,1,False
ferry,16,173,0,13,3,5,False
gripper,16,4,0,11,2,4,False
mprime,16,19,0,24,1,1,True
zenotravel,16,4,0,15,1,5,True
rovers,16,173,0,29,1,1,True
childsnack,16,172,0,30,2,4,True
freecell,16,64,0,94,0,0,True
satellite,16,173,0,15,1,1,True
depot,16,6,0,69,0,0,True
mystery,16,14,0,17,0,0,True
driverlog,16,4,0,20,1,19,True
transport,16,173,0,15,1,3,True
floortile,16,171,0,27,1,2,True
logistics98,16,19,0,14,0,0,True
