TaskID,TotalTrainingProblems,TotalTestingProblems,TotalMacros,TotalMetaActions,TotalValidMetaActions,TotalReplacementMacros,TimedOut
transport,16,173,0,4,0,0,False
miconic,16,173,0,6,0,0,False
ferry,16,173,0,6,0,0,False
blocksworld,16,173,0,4,0,0,False
spanner,16,163,0,8,0,0,False
zenotravel,16,4,0,4,0,0,False
childsnack,16,172,0,14,0,0,False
driverlog,16,4,0,6,0,0,False
gripper,16,4,0,6,1,1,False
floortile,16,171,0,6,1,1,False
satellite,16,173,0,6,2,9,False
rovers,16,173,0,18,2,20,False
sokoban,16,173,0,4,0,0,False
mystery,16,14,0,6,0,0,False
mprime,16,19,0,6,0,0,False
depot,16,6,0,10,0,0,True
freecell,16,64,0,12,0,0,True
logistics98,16,19,0,2,0,0,True
