TaskID,TotalTrainingProblems,TotalTestingProblems,TotalMacros,TotalMetaActions,TotalValidMetaActions,TotalReplacementMacros,TimedOut
blocksworld,16,173,0,17,0,0,False
spanner,16,163,0,35,0,0,False
miconic,16,173,0,8,2,4,False
sokoban,16,173,0,10,1,1,False
ferry,16,173,0,13,3,5,False
gripper,16,4,0,11,2,4,False
mystery,16,14,0,17,0,0,False
floortile,16,171,0,27,2,4,False
transport,16,173,0,15,2,6,False
childsnack,16,172,0,30,3,5,False
driverlog,16,4,0,20,2,24,False
zenotravel,16,4,0,15,3,12,False
freecell,16,64,0,94,0,0,True
logistics98,16,19,0,14,0,0,True
mprime,16,19,0,24,3,3,True
satellite,16,173,0,15,5,16,True
depot,16,6,0,69,1,1,True
rovers,16,173,0,29,4,23,True
